{
  "num_nodes": 8,
  "num_edges": 11,
  "num_required_edges": 7,
  "num_periods": 2,
  "num_vehicles": 3,
  "W": 4.8999999999999995,
  "T_max": 27.72,
  "M": 10000,
  "theta": 0.09090909090909091,
  "sigma": 10,
  "ul": 0.3167999999999997,
  "uu": 0.2111999999999998
}