{
  "num_nodes": 12,
  "num_edges": 15,
  "num_required_edges": 11,
  "num_periods": 3,
  "num_vehicles": 4,
  "W": 5.7749999999999995,
  "T_max": 44.55,
  "M": 10000,
  "theta": 0.06666666666666667,
  "sigma": 10,
  "ul": 0.43199999999999983,
  "uu": 0.2879999999999999
}