problem_id,NOS,MID,distance
0,5,18.013516745696812,2.865610596577832
1,11,17.750821577046782,11.56109956706108
2,10,17.132462014603995,21.80818219958896
3,16,32.56724568225756,16.880171822073365
