problem_id,NOS,MID,distance
0,6,19.859952498409637,5.95215056247488
1,23,19.72208445691763,17.401504140033552
2,17,27.65664380465785,12.409939722821344
3,4,30.476921897280345,0.1741033344236652
