{
  "num_nodes": 4,
  "num_edges": 6,
  "num_required_edges": 3,
  "num_periods": 1,
  "num_vehicles": 2,
  "W": 3.15,
  "T_max": 9.719999999999999,
  "M": 10000,
  "theta": 0.16666666666666666,
  "sigma": 10,
  "ul": 0.17279999999999993,
  "uu": 0.11519999999999996
}