{
  "num_nodes": 7,
  "num_edges": 10,
  "num_required_edges": 6,
  "num_periods": 1,
  "num_vehicles": 3,
  "W": 4.199999999999999,
  "T_max": 21.599999999999998,
  "M": 10000,
  "theta": 0.1,
  "sigma": 10,
  "ul": 0.2879999999999999,
  "uu": 0.19199999999999998
}