{
  "num_nodes": 6,
  "num_edges": 9,
  "num_required_edges": 5,
  "num_periods": 1,
  "num_vehicles": 2,
  "W": 5.25,
  "T_max": 24.299999999999997,
  "M": 10000,
  "theta": 0.1111111111111111,
  "sigma": 10,
  "ul": 0.2591999999999998,
  "uu": 0.1727999999999999
}