{
  "num_nodes": 10,
  "num_edges": 13,
  "num_required_edges": 9,
  "num_periods": 2,
  "num_vehicles": 4,
  "W": 4.725,
  "T_max": 31.589999999999996,
  "M": 10000,
  "theta": 0.07692307692307693,
  "sigma": 10,
  "ul": 0.37440000000000007,
  "uu": 0.24960000000000004
}