run_id,distance
0,11.410026125458314
1,10.28718632794406
2,11.513258026606753
3,10.211889720662226
4,13.69188946779337
5,11.751983903362536
6,11.60808525525145
7,11.711458030741639
8,5.501284873116644
9,19.859305755790068
10,8.530455580982945
11,12.069266039481839
12,10.24825353108921
13,19.880560650557115
14,8.391751179316994
15,8.660423084067874
16,10.28718632794406
17,5.695938226691919
18,8.660423084067874
19,8.626180852647554
