{
  "num_nodes": 11,
  "num_edges": 14,
  "num_required_edges": 10,
  "num_periods": 2,
  "num_vehicles": 4,
  "W": 5.25,
  "T_max": 37.8,
  "M": 10000,
  "theta": 0.07142857142857142,
  "sigma": 10,
  "ul": 0.40319999999999984,
  "uu": 0.2687999999999999
}